<?xml version="1.0" encoding="UTF-8"?>
<ejb-jar xmlns="http://java.sun.com/xml/ns/javaee"
         xmlns:xsi="http://www.w3.org/2001/XMLSchema-instance"
         xsi:schemaLocation="http://java.sun.com/xml/ns/javaee
		  http://java.sun.com/xml/ns/javaee/ejb-jar_3_1.xsd"
         version="3.1">
    <!--<enterprise-beans>-->
    <!--<session>-->
    <!--<ejb-name>SolrBeanEJB</ejb-name>-->
    <!--<ejb-class>de.neoscio.solr.SolrBean</ejb-class>-->
    <!--<session-type>Singleton</session-type>-->
    <!--<transaction-type>Container</transaction-type>-->
    <!--</session>-->

    <!--<session>-->
    <!--<ejb-name>DaoFactoryEJB</ejb-name>-->
    <!--<ejb-class>de.neoscio.stammdaten.DaoFactoryBean</ejb-class>-->
    <!--<session-type>Stateful</session-type>-->
    <!--<transaction-type>Container</transaction-type>-->
    <!--</session>-->
    <!--<session>-->
    <!--<ejb-name>SessionObjectEJB</ejb-name>-->
    <!--<ejb-class>de.neoscio.services.SessionObjectBean</ejb-class>-->
    <!--<session-type>Stateless</session-type>-->
    <!--<transaction-type>Container</transaction-type>-->
    <!--</session>-->
    <!--<session>-->
    <!--<ejb-name>BacklinkAnalyzerEJB</ejb-name>-->
    <!--<ejb-class>de.neoscio.analyzer.backlinks.BacklinkAnalyzerBean</ejb-class>-->
    <!--<session-type>Stateless</session-type>-->
    <!--<transaction-type>Container</transaction-type>-->
    <!--</session>-->
    <!--<session>-->
    <!--<ejb-name>IndexAnalyzerEJB</ejb-name>-->
    <!--<ejb-class>de.neoscio.analyzer.index.IndexAnalyzerBean</ejb-class>-->
    <!--<session-type>Stateless</session-type>-->
    <!--<transaction-type>Container</transaction-type>-->
    <!--</session>-->
    <!--<session>-->
    <!--<ejb-name>PersonalIndexAnalyzerEJB</ejb-name>-->
    <!--<ejb-class>de.neoscio.analyzer.query.PersonalIndexAnalyzerBean</ejb-class>-->
    <!--<session-type>Stateless</session-type>-->
    <!--<transaction-type>Container</transaction-type>-->
    <!--</session>-->
    <!--<session>-->
    <!--<ejb-name>BuchManagerEJB</ejb-name>-->
    <!--<ejb-class>de.neoscio.stammdaten.book.BuchManagerBean</ejb-class>-->
    <!--<session-type>Stateless</session-type>-->
    <!--<transaction-type>Container</transaction-type>-->
    <!--</session>-->
    <!--<session>-->
    <!--<ejb-name>BenutzerManagementEJB</ejb-name>-->
    <!--<ejb-class>de.neoscio.stammdaten.security.SecurityManagementBean</ejb-class>-->
    <!--<session-type>Stateless</session-type>-->
    <!--<transaction-type>Container</transaction-type>-->
    <!--</session>-->
    <!--<session>-->
    <!--<ejb-name>BenutzerWebapplikationDAOEJB</ejb-name>-->
    <!--<ejb-class>de.neoscio.stammdaten.security.BenutzerWebapplikationDAOBean</ejb-class>-->
    <!--<session-type>Stateless</session-type>-->
    <!--<transaction-type>Container</transaction-type>-->
    <!--</session>-->
    <!--<session>-->
    <!--<ejb-name>MandantengruppeDAOEJB</ejb-name>-->
    <!--<ejb-class>de.neoscio.stammdaten.security.MandantengruppeDAOBean</ejb-class>-->
    <!--<session-type>Stateless</session-type>-->
    <!--<transaction-type>Container</transaction-type>-->
    <!--</session>-->
    <!--<session>-->
    <!--<ejb-name>AdressKlassifizierungDAOEJB</ejb-name>-->
    <!--<ejb-class>de.neoscio.stammdaten.address.AdressKlassifizierungDAOBean</ejb-class>-->
    <!--<session-type>Stateless</session-type>-->
    <!--<transaction-type>Container</transaction-type>-->
    <!--</session>-->
    <!--<session>-->
    <!--<ejb-name>AdresseDAOEJB</ejb-name>-->
    <!--<ejb-class>de.neoscio.stammdaten.address.AdresseDAOBean</ejb-class>-->
    <!--<session-type>Stateless</session-type>-->
    <!--<transaction-type>Container</transaction-type>-->
    <!--</session>-->
    <!--<session>-->
    <!--<ejb-name>LandDAOEJB</ejb-name>-->
    <!--<ejb-class>de.neoscio.stammdaten.address.LandDAOBean</ejb-class>-->
    <!--<session-type>Stateless</session-type>-->
    <!--<transaction-type>Container</transaction-type>-->
    <!--</session>-->

    <!--<session>-->
    <!--<ejb-name>KommunikationsServiceDAOEJB</ejb-name>-->
    <!--<ejb-class>de.neoscio.stammdaten.kommunikation.KommunikationsServiceDAOBean</ejb-class>-->
    <!--<session-type>Stateless</session-type>-->
    <!--<transaction-type>Container</transaction-type>-->
    <!--</session>-->
    <!--<session>-->
    <!--<ejb-name>KommunikationsServiceKlassifizierungDAOEJB</ejb-name>-->
    <!--<ejb-class>de.neoscio.stammdaten.kommunikation.KommunikationsServiceKlassifizierungDAOBean</ejb-class>-->
    <!--<session-type>Stateless</session-type>-->
    <!--<transaction-type>Container</transaction-type>-->
    <!--</session>-->
    <!--<session>-->
    <!--<ejb-name>KommunikationsServiceUIDPartKlassifikationDAOEJB</ejb-name>-->
    <!--<ejb-class>de.neoscio.stammdaten.kommunikation.KommunikationsServiceUIDPartKlassifikationDAOBean</ejb-class>-->
    <!--<session-type>Stateless</session-type>-->
    <!--<transaction-type>Container</transaction-type>-->
    <!--</session>-->
    <!--<session>-->
    <!--<ejb-name>KommunikationServiceUIDDAOEJB</ejb-name>-->
    <!--<ejb-class>de.neoscio.stammdaten.kommunikation.KommunikationsServiceUIDDAOBean</ejb-class>-->
    <!--<session-type>Stateless</session-type>-->
    <!--<transaction-type>Container</transaction-type>-->
    <!--</session>-->
    <!--<session>-->
    <!--<ejb-name>RegistrationStatusDAOEJB</ejb-name>-->
    <!--<ejb-class>de.neoscio.stammdaten.security.RegistrationStatusDAOBean</ejb-class>-->
    <!--<session-type>Stateless</session-type>-->
    <!--<transaction-type>Container</transaction-type>-->
    <!--</session>-->
    <!--<session>-->
    <!--<ejb-name>WebServiceInfoEJB</ejb-name>-->
    <!--<ejb-class>de.neoscio.services.WebServiceInfoBean</ejb-class>-->
    <!--<session-type>Stateless</session-type>-->
    <!--<transaction-type>Container</transaction-type>-->
    <!--</session>-->
    <!--<session>-->
    <!--<ejb-name>BerechtigungDAOEJB</ejb-name>-->
    <!--<ejb-class>de.neoscio.stammdaten.security.berechtigungen.BerechtigungDAOBean</ejb-class>-->
    <!--<session-type>Stateless</session-type>-->
    <!--<transaction-type>Container</transaction-type>-->
    <!--</session>-->
    <!--<session>-->
    <!--<ejb-name>TextAnalyzerEJB</ejb-name>-->
    <!--<ejb-class>de.neoscio.analyzer.text.TextAnalyzerBean</ejb-class>-->
    <!--<session-type>Stateless</session-type>-->
    <!--<transaction-type>Container</transaction-type>-->
    <!--</session>-->
    <!--<session>-->
    <!--<ejb-name>IssuetrackingEJB</ejb-name>-->
    <!--<ejb-class>de.neoscio.issuetracking.IssuetrackingBean</ejb-class>-->
    <!--<session-type>Stateless</session-type>-->
    <!--<transaction-type>Container</transaction-type>-->
    <!--</session>-->
    <!--<session>-->
    <!--<ejb-name>JCREJB</ejb-name>-->
    <!--<ejb-class>de.neoscio.jcr.JCRBean</ejb-class>-->
    <!--<session-type>Stateless</session-type>-->
    <!--<transaction-type>Container</transaction-type>-->
    <!--</session>-->
    <!--<session>-->
    <!--<ejb-name>AnalyzerSecEJB</ejb-name>-->
    <!--<ejb-class>de.neoscio.analyzer.query.AnalyzerSecBean</ejb-class>-->
    <!--<session-type>Stateless</session-type>-->
    <!--<transaction-type>Container</transaction-type>-->
    <!--</session>-->
    <!--<session>-->
    <!--<ejb-name>ORMViewsEJB</ejb-name>-->
    <!--<ejb-class>de.neoscio.ormviews.ORMViewsBean</ejb-class>-->
    <!--<session-type>Singleton</session-type>-->
    <!--<transaction-type>Container</transaction-type>-->
    <!--</session>-->

    <!--</enterprise-beans>-->

    <!--<assembly-descriptor>-->
    <!--<interceptor-binding>-->
    <!--<ejb-name>SecurityManagementEJB</ejb-name>-->
    <!--<interceptor-class>LoggingInterceptor</interceptor-class>-->
    <!--</interceptor-binding>-->
    <!--<interceptor-binding>-->
    <!--<ejb-name>BenutzerWebapplikationDAOEJB</ejb-name>-->
    <!--<interceptor-class>LoggingInterceptor</interceptor-class>-->
    <!--</interceptor-binding>-->
    <!--<interceptor-binding>-->
    <!--<ejb-name>NeoScioIndexHistoryEJB</ejb-name>-->
    <!--<interceptor-class>LoggingInterceptor</interceptor-class>-->
    <!--</interceptor-binding>-->
    <!--<interceptor-binding>-->
    <!--<ejb-name>BuchManagerEJB</ejb-name>-->
    <!--<interceptor-class>LoggingInterceptor</interceptor-class>-->
    <!--</interceptor-binding>-->
    <!--<interceptor-binding>-->
    <!--<ejb-name>AdresseDAOEJB</ejb-name>-->
    <!--<interceptor-class>LoggingInterceptor</interceptor-class>-->
    <!--</interceptor-binding>-->
    <!--<interceptor-binding>-->
    <!--<ejb-name>RegistrationDAOEJB</ejb-name>-->
    <!--<interceptor-class>LoggingInterceptor</interceptor-class>-->
    <!--</interceptor-binding>-->
    <!--<interceptor-binding>-->
    <!--<ejb-name>BacklinkAnalyzerEJB</ejb-name>-->
    <!--<interceptor-class>LoggingInterceptor</interceptor-class>-->
    <!--</interceptor-binding>-->
    <!--<interceptor-binding>-->
    <!--<ejb-name>AnalyzerEJB</ejb-name>-->
    <!--<interceptor-class>LoggingInterceptor</interceptor-class>-->
    <!--</interceptor-binding>-->
    <!--<interceptor-binding>-->
    <!--<ejb-name>PersonalIndexAnalyzerEJB</ejb-name>-->
    <!--<interceptor-class>LoggingInterceptor</interceptor-class>-->
    <!--</interceptor-binding>-->
    <!--<interceptor-binding>-->
    <!--<ejb-name>AdressKlassifizierungDAOEJB</ejb-name>-->
    <!--<interceptor-class>LoggingInterceptor</interceptor-class>-->
    <!--</interceptor-binding>-->
    <!--<interceptor-binding>-->
    <!--<ejb-name>KommunikationsServiceUIDDAOEJB</ejb-name>-->
    <!--<interceptor-class>LoggingInterceptor</interceptor-class>-->
    <!--</interceptor-binding>-->
    <!--<interceptor-binding>-->
    <!--<ejb-name>DaoFactoryEJB</ejb-name>-->
    <!--<interceptor-class>LoggingInterceptor</interceptor-class>-->
    <!--</interceptor-binding>-->
    <!--<interceptor-binding>-->
    <!--<ejb-name>KommunikationsServiceDAOEJB</ejb-name>-->
    <!--<interceptor-class>LoggingInterceptor</interceptor-class>-->
    <!--</interceptor-binding>-->
    <!--<interceptor-binding>-->
    <!--<ejb-name>RegistrationStatusDAOEJB</ejb-name>-->
    <!--<interceptor-class>LoggingInterceptor</interceptor-class>-->
    <!--</interceptor-binding>-->
    <!--<interceptor-binding>-->
    <!--<ejb-name>BenutzerDAOEJB</ejb-name>-->
    <!--<interceptor-class>LoggingInterceptor</interceptor-class>-->
    <!--</interceptor-binding>-->
    <!--<interceptor-binding>-->
    <!--<ejb-name>NeoScioIndexPersEJB</ejb-name>-->
    <!--<interceptor-class>LoggingInterceptor</interceptor-class>-->
    <!--</interceptor-binding>-->
    <!--<interceptor-binding>-->
    <!--<ejb-name>SessionObjectEJB</ejb-name>-->
    <!--<interceptor-class>LoggingInterceptor</interceptor-class>-->
    <!--</interceptor-binding>-->
    <!--<interceptor-binding>-->
    <!--<ejb-name>KommunikationsServiceKlassifizierungDAOEJB</ejb-name>-->
    <!--<interceptor-class>LoggingInterceptor</interceptor-class>-->
    <!--</interceptor-binding>-->
    <!--<interceptor-binding>-->
    <!--<ejb-name>MandantengruppeDAOEJB</ejb-name>-->
    <!--<interceptor-class>LoggingInterceptor</interceptor-class>-->
    <!--</interceptor-binding>-->
    <!--<interceptor-binding>-->
    <!--<ejb-name>IndexAnalyzerEJB</ejb-name>-->
    <!--<interceptor-class>LoggingInterceptor</interceptor-class>-->
    <!--</interceptor-binding>-->
    <!--<interceptor-binding>-->
    <!--<ejb-name>LandDAOEJB</ejb-name>-->
    <!--<interceptor-class>LoggingInterceptor</interceptor-class>-->
    <!--</interceptor-binding>-->
    <!--<interceptor-binding>-->
    <!--<ejb-name>NeoScioIndexEJB</ejb-name>-->
    <!--<interceptor-class>LoggingInterceptor</interceptor-class>-->
    <!--</interceptor-binding>-->
    <!--<interceptor-binding>-->
    <!--<ejb-name>BenutzerGruppeDAOEJB</ejb-name>-->
    <!--<interceptor-class>LoggingInterceptor</interceptor-class>-->
    <!--</interceptor-binding>-->
    <!--<interceptor-binding>-->
    <!--<ejb-name>KommunikationsServiceUIDPartKlassifikationDAOEJB</ejb-name>-->
    <!--<interceptor-class>LoggingInterceptor</interceptor-class>-->
    <!--</interceptor-binding>-->
    <!--<interceptor-binding>-->
    <!--<ejb-name>*</ejb-name>-->
    <!--<interceptor-class>LoggingInterceptor</interceptor-class>-->
    <!--</interceptor-binding>-->
    <!--</assembly-descriptor>-->
</ejb-jar>
